QRCode,Linha,OP,Produto,Sintoma,Origem,Qtd.,Usuário_Solicitante,Data.Solicitação,Hora.Solicitação,Usuário_Aprov/Reprov,Data.Aprovação,Hora.Aprovação,Status
0,9407,Valley.OfBowser3,2310,200209030000350,VISOR_TRINCADO,Fornecedor,11.0,Homem.DeFerro,31/10/2022,16:28:37,Coronel.Robert,01/11/2022,07:31:47,Aprovado
1,9413,Valley.OfBowser3,2310,200209030000350,VISOR_FALHA_INJEÇÃO,Fornecedor,5.0,Homem.DeFerro,31/10/2022,16:33:03,Coronel.Robert,01/11/2022,07:31:50,Aprovado
2,9415,Valley.OfBowser3,2310,200209030000350,VISOR_COM_MANCHA,Fornecedor,1.0,Homem.DeFerro,31/10/2022,16:34:26,Coronel.Robert,01/11/2022,07:32:03,Aprovado
3,9423,Valley.OfBowser3,2310,200209030000350,VISOR_COM_RISCO,Fornecedor,4.0,Homem.DeFerro,31/10/2022,16:41:24,Coronel.Robert,01/11/2022,07:32:05,Aprovado
4,9424,Valley.OfBowser3,2310,2002090100N0009,GABINETE_DANIFICADO,Fornecedor,1.0,Homem.DeFerro,31/10/2022,16:42:36,Coronel.Robert,01/11/2022,07:32:07,Aprovado
5,9425,Valley.OfBowser3,2305,2002090100N1002,GABINETE_FALHA_INJEÇÃO_PLAST,Fornecedor,1.0,Homem.DeFerro,31/10/2022,16:45:20,Coronel.Robert,01/11/2022,07:32:10,Aprovado
6,9426,Valley.OfBowser3,2310,200209030000350,FALHA_NA_SERIGRAFIA,Fornecedor,2.0,Homem.DeFerro,31/10/2022,16:46:34,Coronel.Robert,01/11/2022,07:32:12,Aprovado
7,9428,Valley.OfBowser3,2310,200209030000350,VISOR_FALHA_INJEÇÃO,Fornecedor,1.0,Homem.DeFerro,31/10/2022,16:48:24,Coronel.Robert,01/11/2022,07:32:16,Aprovado
8,9431,Valley.OfBowser3,2306,2002090100N0069,GABINETE_DANIFICADO,Fornecedor,1.0,Homem.DeFerro,31/10/2022,16:52:11,Coronel.Robert,01/11/2022,07:32:19,Aprovado
9,9433,Valley.OfBowser3,2310,20010117CAD0002,ANTENA_DANIFICADA,Estrela.DaMorte,5.0,Homem.DeFerro,31/10/2022,16:53:57,Coronel.Robert,01/11/2022,07:32:21,Aprovado
10,9435,Valley.OfBowser3,2310,200209030000350,VISOR_COM_RISCO,Estrela.DaMorte,9.0,Homem.DeFerro,31/10/2022,17:01:52,Coronel.Robert,01/11/2022,07:32:24,Aprovado
11,9463,Cheese.Bridge,2298,200209010000002,IMAGEM_ANORMAL,Akira.Toriyama,5.0,Viuva.negra,01/11/2022,08:45:10,Luke.Skywalker,04/11/2022,09:48:46,Aprovado
12,9464,Cheese.Bridge,2298,200209010000002,TOUCHSCREEN_NÃO_ATUA(TP),Akira.Toriyama,6.0,Viuva.negra,01/11/2022,08:45:39,Luke.Skywalker,04/11/2022,09:48:50,Aprovado
13,9465,Cheese.Bridge,2298,200209010000002,GABINETE_ESPANADO,Estrela.DaMorte,2.0,Viuva.negra,01/11/2022,08:46:28,Luke.Skywalker,04/11/2022,09:48:53,Aprovado
14,9466,Butter.Bridge,2286,200209010000002,TOUCHSCREEN_NÃO_ATUA(TP),Xi.Jinping,4.0,Bruce.Wayne,01/11/2022,08:46:40,Luke.Skywalker,04/11/2022,09:51:31,Aprovado
15,9467,Cheese.Bridge,2298,200209010000002,VISOR_DANIFICADO,Estrela.DaMorte,2.0,Viuva.negra,01/11/2022,08:47:16,Luke.Skywalker,04/11/2022,09:48:54,Aprovado
16,9471,Butter.Bridge,2286,200209020000003,SEM_ÁUDIO,Xi.Jinping,1.0,Bruce.Wayne,01/11/2022,08:48:25,Luke.Skywalker,04/11/2022,09:51:41,Aprovado
17,9472,Butter.Bridge,2286,200209020000003,CONJ.FORA_DO_PADRÃO,Akira.Toriyama,1.0,Bruce.Wayne,01/11/2022,08:48:52,Luke.Skywalker,04/11/2022,09:51:50,Aprovado
18,9473,Butter.Bridge,2286,200212000000420,COMPONENTE_PSA_DANIFICADO,Rework,1.0,Bruce.Wayne,01/11/2022,08:49:32,Luke.Skywalker,04/11/2022,09:51:53,Aprovado
19,9474,Butter.Bridge,2286,200212000000421,COMPONENTE_PSA_DANIFICADO,Rework,1.0,Bruce.Wayne,01/11/2022,08:49:52,Luke.Skywalker,04/11/2022,09:51:57,Aprovado
20,9475,Cheese.Bridge,2298,200209010000002,TOUCHSCREEN_NÃO_ATUA(TP),Akira.Toriyama,8.0,Viuva.negra,01/11/2022,08:54:44,Luke.Skywalker,04/11/2022,09:48:55,Aprovado
21,9476,Cheese.Bridge,2298,200209010000002,IMAGEM_ANORMAL,Akira.Toriyama,1.0,Viuva.negra,01/11/2022,08:55:12,Luke.Skywalker,04/11/2022,09:48:56,Aprovado
22,9477,Butter.Bridge,2286,200209120000276,COMPONENTE_PSA_DANIFICADO,Estrela.DaMorte,2.0,Bruce.Wayne,01/11/2022,08:55:33,Luke.Skywalker,04/11/2022,09:52:04,Aprovado
23,9478,Cheese.Bridge,2298,200209010000002,TOUCHSCREEN_NÃO_ATUA(TP),Akira.Toriyama,1.0,Viuva.negra,01/11/2022,08:55:49,Luke.Skywalker,04/11/2022,09:48:57,Aprovado
24,9479,Butter.Bridge,2286,200212000000420,COMPONENTE_FORA_DO_PADRÃO,Xi.Jinping,1.0,Bruce.Wayne,01/11/2022,08:55:59,Luke.Skywalker,04/11/2022,09:52:00,Aprovado
25,9480,Cheese.Bridge,2298,200203020000058,COMPONENTE_FORA_DO_PADRÃO,EngdeProcesso,3.0,Viuva.negra,01/11/2022,08:56:24,Luke.Skywalker,04/11/2022,09:48:58,Aprovado
26,9481,Cheese.Bridge,2298,200101990000700,COMPONENTE_FORA_DO_PADRÃO,Estrela.DaMorte,4.0,Viuva.negra,01/11/2022,08:57:07,Luke.Skywalker,04/11/2022,09:49:00,Aprovado
27,9482,Cheese.Bridge,2298,200101990000700,COMPONENTE_FORA_DO_PADRÃO,Fornecedor,4.0,Viuva.negra,01/11/2022,08:57:30,Luke.Skywalker,04/11/2022,09:49:01,Aprovado
28,9483,Cheese.Bridge,2298,200209050000562,COMPONENTE_FORA_DO_PADRÃO,Fornecedor,2.0,Viuva.negra,01/11/2022,08:58:07,Luke.Skywalker,04/11/2022,09:49:02,Aprovado
29,9484,Cheese.Bridge,2298,200499000000394,COMPONENTE_FORA_DO_PADRÃO,Fornecedor,1.0,Viuva.negra,01/11/2022,08:58:53,Luke.Skywalker,04/11/2022,09:49:05,Aprovado
30,9485,Cheese.Bridge,2298,200405000000313,COMPONENTE_FORA_DO_PADRÃO,Fornecedor,2.0,Viuva.negra,01/11/2022,08:59:23,Luke.Skywalker,04/11/2022,09:49:06,Aprovado
31,9486,Cheese.Bridge,2298,20010101CAD0135,COMPONENTE_FORA_DO_PADRÃO,Fornecedor,1.0,Viuva.negra,01/11/2022,09:00:41,Luke.Skywalker,04/11/2022,09:49:07,Aprovado
32,9487,Cheese.Bridge,2298,20010118CAD0016,COMPONENTE_FORA_DO_PADRÃO,Estrela.DaMorte,1.0,Viuva.negra,01/11/2022,09:01:10,Luke.Skywalker,04/11/2022,09:49:08,Aprovado
33,9488,Cheese.Bridge,2298,200212000000421,COMPONENTE_FORA_DO_PADRÃO,Fornecedor,3.0,Viuva.negra,01/11/2022,09:06:45,Luke.Skywalker,04/11/2022,09:49:09,Aprovado
34,9489,Cheese.Bridge,2298,200212000000422,COMPONENTE_FORA_DO_PADRÃO,Fornecedor,3.0,Viuva.negra,01/11/2022,09:07:23,Luke.Skywalker,04/11/2022,09:49:11,Aprovado
35,9490,Cheese.Bridge,2298,200212000000422,COMPONENTE_FORA_DO_PADRÃO,Estrela.DaMorte,1.0,Viuva.negra,01/11/2022,09:07:49,Luke.Skywalker,04/11/2022,09:49:13,Aprovado
36,9491,Cheese.Bridge,2298,300100070000372,COMPONENTE_FORA_DO_PADRÃO,Estrela.DaMorte,4.0,Viuva.negra,01/11/2022,09:08:19,Luke.Skywalker,04/11/2022,09:49:15,Aprovado
37,9492,Cheese.Bridge,2298,300100080000021,COMPONENTE_FORA_DO_PADRÃO,Fornecedor,1.0,Viuva.negra,01/11/2022,09:08:51,Luke.Skywalker,04/11/2022,09:49:16,Aprovado
38,9493,Cheese.Bridge,2298,200209100000004,COMPONENTE_FORA_DO_PADRÃO,Estrela.DaMorte,1.0,Viuva.negra,01/11/2022,09:09:27,Luke.Skywalker,04/11/2022,09:49:17,Aprovado
39,9495,"Roys,Castle",2293,2002090100I0853,TOUCHSCREEN_NÃO_ATUA(TP),Fornecedor,5.0,Arlequina.Coringa,01/11/2022,09:54:04,Kerri.Green,01/11/2022,11:42:18,Aprovado
40,9496,"Roys,Castle",2293,2002090100I0853,TOUCHSCREEN_NÃO_ATUA(TP),Fornecedor,5.0,Arlequina.Coringa,01/11/2022,09:56:12,Kerri.Green,01/11/2022,11:42:19,Aprovado
41,9497,Front.Door,2279,2002090100I1071,COMPONENTE_FORA_DO_PADRÃO,Fornecedor,1.0,Adão.Negro,01/11/2022,09:56:48,Kerri.Green,01/11/2022,14:36:04,Aprovado
42,9498,Front.Door,2279,2002090100I1071,FALHA_NA_SERIGRAFIA,Fornecedor,1.0,Adão.Negro,01/11/2022,09:58:20,Kerri.Green,01/11/2022,14:36:05,Aprovado
43,9499,"Roys,Castle",2293,2002090100I0853,GABINETE_FRONTAL_COM_RISCO,Fornecedor,2.0,Arlequina.Coringa,01/11/2022,09:58:41,Kerri.Green,01/11/2022,11:42:21,Aprovado
44,9500,Front.Door,2279,200212000000309,COMPONENTE_PSA_DANIFICADO,Estrela.DaMorte,1.0,Adão.Negro,01/11/2022,09:58:55,Kerri.Green,01/11/2022,14:36:22,Aprovado
45,9501,Front.Door,2279,2002090100I1071,COMPONENTE_FORA_DO_PADRÃO,Fornecedor,2.0,Adão.Negro,01/11/2022,10:01:06,Kerri.Green,01/11/2022,14:36:25,Aprovado
46,9502,Front.Door,2279,501400000000028,COMPONENTE_FORA_DO_PADRÃO,Fornecedor,7.0,Adão.Negro,01/11/2022,10:02:28,Kerri.Green,01/11/2022,14:36:28,Aprovado
47,9503,Front.Door,2279,502200000000007,COMPONENTE_FORA_DO_PADRÃO,Fornecedor,2.0,Adão.Negro,01/11/2022,10:04:35,Kerri.Green,01/11/2022,14:36:31,Aprovado
48,9504,Front.Door,2279,502200000000007,COMPONENTE_PSA_DANIFICADO,Estrela.DaMorte,1.0,Adão.Negro,01/11/2022,10:05:25,Kerri.Green,01/11/2022,14:36:37,Aprovado
49,9505,Front.Door,2279,200209130000091,COMPONENTE_FORA_DO_PADRÃO,Fornecedor,1.0,Adão.Negro,01/11/2022,10:06:01,Kerri.Green,01/11/2022,14:36:40,Aprovado
50,9506,"Roys,Castle",2293,200209080000047,SCRAP,Fornecedor,22.0,Arlequina.Coringa,01/11/2022,10:06:35,Kerri.Green,01/11/2022,11:42:23,Aprovado
51,9507,"Roys,Castle",2293,200499000000046,SCRAP,Fornecedor,14.0,Arlequina.Coringa,01/11/2022,10:07:47,Kerri.Green,01/11/2022,11:42:26,Aprovado
52,9508,Front.Door,2279,20030500AHN0114,COMPONENTE_FORA_DO_PADRÃO,Fornecedor,3.0,Adão.Negro,01/11/2022,10:08:59,Kerri.Green,01/11/2022,14:36:43,Aprovado
53,9510,Star.World,2295,20030500AHN0098,COMPONENTE_PSA_DANIFICADO,Estrela.DaMorte,2.0,Rick.Sanchez,01/11/2022,10:10:28,Luke.Skywalker,04/11/2022,09:52:14,Aprovado
54,9513,"Roys,Castle",2293,301601010000087,SCRAP,Fornecedor,1.0,Arlequina.Coringa,01/11/2022,10:11:06,Kerri.Green,01/11/2022,11:42:28,Aprovado
55,9522,Sunken.GhostShip,2293,20050300AHN0004,COMPONENTE_PSA_DANIFICADO,Estrela.DaMorte,1.0,Pink.Cerebro,01/11/2022,10:30:34,Kerri.Green,01/11/2022,11:42:34,Aprovado
56,9523,Sunken.GhostShip,2293,2002090100I0853,TOUCHSCREEN_NÃO_ATUA(TP),Fornecedor,4.0,Pink.Cerebro,01/11/2022,10:31:24,Kerri.Green,01/11/2022,11:42:36,Aprovado
57,9524,Sunken.GhostShip,2293,501400000000038,IMAGEM_ANORMAL,Fornecedor,22.0,Pink.Cerebro,01/11/2022,10:33:35,Kerri.Green,01/11/2022,11:42:37,Aprovado
58,9525,Sunken.GhostShip,2293,20010117CAD0004,RF_NÃO_ATUA(PICCOPEN),Fornecedor,3.0,Pink.Cerebro,01/11/2022,10:35:16,Kerri.Green,01/11/2022,11:42:39,Aprovado
59,9526,Sunken.GhostShip,2293,502200000000004,ERRO_LEITURA_CARTÃO_MAG.(MSR),Fornecedor,6.0,Pink.Cerebro,01/11/2022,10:37:36,Kerri.Green,01/11/2022,11:42:41,Aprovado
60,9527,Sunken.GhostShip,2293,300100030000139,TECLAS_NÃO_ATUAM,Fornecedor,1.0,Pink.Cerebro,01/11/2022,10:38:19,Kerri.Green,01/11/2022,11:42:44,Aprovado
61,9529,Sunken.GhostShip,2293,300100030000139,TECLAS_NÃO_ATUAM,Fornecedor,2.0,Pink.Cerebro,01/11/2022,10:39:02,Kerri.Green,01/11/2022,11:42:48,Aprovado
62,9530,Sunken.GhostShip,2293,2002090100I0853,TOUCHSCREEN_NÃO_ATUA(TP),Fornecedor,7.0,Pink.Cerebro,01/11/2022,10:40:08,Kerri.Green,01/11/2022,11:42:51,Aprovado
63,9531,Sunken.GhostShip,2293,200209080000046,COMPONENTE_FORA_DO_PADRÃO,Fornecedor,32.0,Pink.Cerebro,01/11/2022,10:43:16,Kerri.Green,01/11/2022,11:42:55,Aprovado
64,9532,Tubular,2293,2002090100I0853,TOUCHSCREEN_NÃO_ATUA(TP),Fornecedor,3.0,Son.Goku,01/11/2022,11:05:58,Kerri.Green,01/11/2022,14:35:34,Aprovado
65,9533,Tubular,2293,501400000000038,IMAGEM_ANORMAL,Fornecedor,4.0,Son.Goku,01/11/2022,11:06:57,Kerri.Green,01/11/2022,14:35:37,Aprovado
66,9534,Tubular,2293,200212000000237,COMPONENTE_PSA_DANIFICADO,Estrela.DaMorte,1.0,Son.Goku,01/11/2022,11:07:33,Kerri.Green,01/11/2022,14:35:39,Aprovado
67,9535,Tubular,2293,300100030000139,PEDTAMPER,Fornecedor,2.0,Son.Goku,01/11/2022,11:08:24,Kerri.Green,01/11/2022,14:35:41,Aprovado
68,9536,Tubular,2293,2003100100N0033,FONTES/IDENTIFICA_OTENSÃO,Fornecedor,11.0,Son.Goku,01/11/2022,11:10:20,Kerri.Green,01/11/2022,14:35:47,Aprovado
69,9537,Tubular,2293,200206010000239,SCRAP,Estrela.DaMorte,10.0,Son.Goku,01/11/2022,11:12:55,Kerri.Green,01/11/2022,14:35:51,Aprovado
70,9538,Shaolin.Monks,2289,2003180099N0756,COMPONENTE_PSA_DANIFICADO,Estrela.DaMorte,8.0,Android.18,01/11/2022,11:54:52,Luke.Skywalker,04/11/2022,09:50:02,Aprovado
71,9539,Shaolin.Monks,2289,2003180099N0756,COMPONENTE_PSA_DANIFICADO,Estrela.DaMorte,8.0,Android.18,01/11/2022,12:01:09,Luke.Skywalker,04/11/2022,09:50:04,Aprovado
72,9549,Shaolin.Monks,2323,2003180000N0423,COMPONENTE_PSA_DANIFICADO,Estrela.DaMorte,17.0,Android.18,01/11/2022,13:28:18,Luke.Skywalker,04/11/2022,09:50:07,Aprovado
73,9562,Shaolin.Monks,2289,20010101CAD0123,TRILHA_ROMPIDA,Estrela.DaMorte,1.0,Android.18,01/11/2022,14:57:48,Luke.Skywalker,04/11/2022,09:50:09,Aprovado
74,9563,Shaolin.Monks,2289,200206010000160,FALHA_NA_VOLTAGEM_DA_BATERIA,Fornecedor,2.0,Android.18,01/11/2022,15:02:06,Luke.Skywalker,04/11/2022,09:50:12,Aprovado
75,9564,Shaolin.Monks,2289,300100990001663,COMPONENTE_PSA_DANIFICADO,Estrela.DaMorte,1.0,Android.18,01/11/2022,15:03:01,Luke.Skywalker,04/11/2022,09:50:13,Aprovado
76,9565,Shaolin.Monks,2289,200209030000564,VISOR_COM_IMPUREZA,Fornecedor,1.0,Android.18,01/11/2022,15:03:53,Luke.Skywalker,04/11/2022,09:50:14,Aprovado
77,9566,"Roys,Castle",2293,502200000000004,ERRO_LEITURA_CARTÃO_MAG.(MSR),Fornecedor,4.0,Arlequina.Coringa,01/11/2022,15:33:11,Kerri.Green,01/11/2022,15:49:34,Aprovado
78,9567,"Roys,Castle",2293,300100030000139,MOUSE_NÃO_ATUA,Fornecedor,7.0,Arlequina.Coringa,01/11/2022,15:34:09,Kerri.Green,01/11/2022,15:49:31,Aprovado
79,9568,"Roys,Castle",2293,20010117CAD0004,RF_NÃO_ATUA(PICCOPEN),Estrela.DaMorte,5.0,Arlequina.Coringa,01/11/2022,15:34:50,Kerri.Green,01/11/2022,15:49:40,Aprovado
80,9569,"Roys,Castle",2293,501400000000038,IMAGEM_ANORMAL,Fornecedor,4.0,Arlequina.Coringa,01/11/2022,15:35:33,Kerri.Green,01/11/2022,15:49:44,Aprovado
81,9570,"Roys,Castle",2293,501400000000038,IMAGEM_ANORMAL,Fornecedor,5.0,Arlequina.Coringa,01/11/2022,15:36:16,Kerri.Green,01/11/2022,15:49:46,Aprovado
82,9571,"Roys,Castle",2293,502100000000005,FALHA_NO_TESTE_IMPRESSÃO(PRN),Fornecedor,7.0,Arlequina.Coringa,01/11/2022,15:39:15,Kerri.Green,01/11/2022,15:49:49,Aprovado
83,9583,"Roys,Castle",2293,20030500AHN0122,CAIXA_INDIVIDUAL_DANIFICADA,Fornecedor,2.0,Arlequina.Coringa,01/11/2022,16:37:39,Kerri.Green,01/11/2022,16:52:51,Aprovado
84,9599,Valley.OfBowser3,2310,200209030000350,VISOR_TRINCADO,Fornecedor,12.0,Homem.DeFerro,03/11/2022,08:13:40,Coronel.Robert,03/11/2022,09:03:37,Aprovado
85,9600,Tomb.Pit,2285,2002090100I1003,VISOR_COM_RISCO,Fornecedor,15.0,Princesa.Leia,03/11/2022,08:16:53,Kerri.Green,04/11/2022,08:31:20,Aprovado
86,9601,Tomb.Pit,2285,501400000000028,TELABRANCA,Estrela.DaMorte,4.0,Princesa.Leia,03/11/2022,08:19:17,Kerri.Green,04/11/2022,08:31:22,Aprovado
87,9602,Tomb.Pit,2285,501500000000026,COMPONENTE_SMD_DANIFICADO,Estrela.DaMorte,1.0,Princesa.Leia,03/11/2022,08:22:05,Kerri.Green,04/11/2022,08:31:25,Aprovado
88,9611,Tomb.Pit,2285,200212000000309,COMPONENTE_SMD_DANIFICADO,Estrela.DaMorte,5.0,Princesa.Leia,03/11/2022,08:46:03,Kerri.Green,04/11/2022,08:31:28,Aprovado
89,9612,Tomb.Pit,2285,501400000000028,LCD_COM_RISCO,Fornecedor,1.0,Princesa.Leia,03/11/2022,08:47:42,Kerri.Green,04/11/2022,08:31:36,Aprovado
90,9613,Tomb.Pit,2285,2002090100I1003,COMPONENTE_SMD_DESLOCADO,Segunda.Casa,2.0,Princesa.Leia,03/11/2022,08:50:30,Kerri.Green,04/11/2022,08:31:39,Aprovado
91,9614,Tomb.Pit,2285,501400000000028,COMPONENTE_SMD_ALTERADO,Segunda.Casa,4.0,Princesa.Leia,03/11/2022,08:51:22,Kerri.Green,04/11/2022,08:31:42,Aprovado
92,9615,Tomb.Pit,2285,502200000000007,COMPONENTE_SMD_ALTERADO,Xi.Jinping,3.0,Princesa.Leia,03/11/2022,08:51:51,Kerri.Green,04/11/2022,08:31:47,Aprovado
93,9616,"Roys,Castle",2293,501400000000038,ERRO_LEITURA_CARTÃO_MAG.(MSR),Fornecedor,1.0,Arlequina.Coringa,03/11/2022,09:41:22,Kerri.Green,04/11/2022,08:29:11,Aprovado
94,9617,"Roys,Castle",2293,301501020000025,SEM_ÁUDIO,Estrela.DaMorte,1.0,Arlequina.Coringa,03/11/2022,09:42:29,Kerri.Green,04/11/2022,08:29:13,Aprovado
95,9618,"Roys,Castle",2293,2002090100I0853,TOUCHSCREEN_NÃO_ATUA(TP),Fornecedor,1.0,Arlequina.Coringa,03/11/2022,09:59:05,Kerri.Green,04/11/2022,08:29:14,Aprovado
96,9619,Acid.Pit,2261,2003170099N0299,COMPONENTE_PSA_DANIFICADO,Estrela.DaMorte,4.0,Claire.Redfield,03/11/2022,10:27:04,Kerri.Green,04/11/2022,08:29:51,Aprovado
97,9620,Acid.Pit,2261,200202000000587,COMPONENTE_SMD_ALTERADO,Fornecedor,21.0,Claire.Redfield,03/11/2022,10:28:32,Kerri.Green,04/11/2022,08:29:52,Aprovado
98,9621,Acid.Pit,2261,200209120000476,COMPONENTE_FORA_DO_PADRÃO,Fornecedor,2.0,Claire.Redfield,03/11/2022,10:33:01,Kerri.Green,04/11/2022,08:29:54,Aprovado
99,9622,Acid.Pit,2261,200209120000475,COMPONENTE_FORA_DO_PADRÃO,Fornecedor,1.0,Claire.Redfield,03/11/2022,10:33:38,Kerri.Green,04/11/2022,08:29:59,Aprovado
100,9623,Acid.Pit,2261,200205990000561,COMPONENTE_FORA_DO_PADRÃO,Fornecedor,1.0,Claire.Redfield,03/11/2022,10:34:53,Kerri.Green,04/11/2022,08:30:03,Aprovado
101,9624,Acid.Pit,2261,200206010000215,COMPONENTE_SMD_ALTERADO,Fornecedor,9.0,Claire.Redfield,03/11/2022,10:36:37,Kerri.Green,04/11/2022,08:30:06,Aprovado
102,9625,Acid.Pit,2261,200209050000532,COMPONENTE_FORA_DO_PADRÃO,Fornecedor,5.0,Claire.Redfield,03/11/2022,10:41:32,Kerri.Green,04/11/2022,08:30:09,Aprovado
103,9626,Acid.Pit,2261,300100160000148,COMPONENTE_PSA_DANIFICADO,Estrela.DaMorte,3.0,Claire.Redfield,03/11/2022,10:42:25,Kerri.Green,04/11/2022,08:30:11,Aprovado
104,9627,Acid.Pit,2261,200209050000593,COMPONENTE_FORA_DO_PADRÃO,Fornecedor,7.0,Claire.Redfield,03/11/2022,10:44:08,Kerri.Green,04/11/2022,08:30:15,Aprovado
105,9628,Acid.Pit,2261,200209030000576,VISOR_COM_IMPUREZA,Fornecedor,65.0,Claire.Redfield,03/11/2022,10:47:22,Kerri.Green,04/11/2022,08:30:19,Aprovado
106,9631,Acid.Pit,2261,2002090199N0003,GAB.FRONT.MINIBASE_ESPANADO,Estrela.DaMorte,2.0,Claire.Redfield,03/11/2022,10:50:46,Kerri.Green,04/11/2022,08:30:22,Aprovado
107,9632,Acid.Pit,2261,2002090199N0003,COMPONENTE_FORA_DO_PADRÃO,Fornecedor,4.0,Claire.Redfield,03/11/2022,10:51:14,Kerri.Green,04/11/2022,08:30:25,Aprovado
108,9633,Acid.Pit,2261,200209030000576,VISOR_COM_IMPUREZA,Fornecedor,2.0,Claire.Redfield,03/11/2022,10:51:43,Kerri.Green,04/11/2022,08:30:30,Aprovado
109,9634,Acid.Pit,2261,200499000000605,COMPONENTE_PSA_DANIFICADO,Estrela.DaMorte,1.0,Claire.Redfield,03/11/2022,10:52:50,Kerri.Green,04/11/2022,08:30:34,Aprovado
110,9639,Acid.Pit,2261,2003180099N0756,COMPONENTE_PSA_DANIFICADO,B.612,24.0,Claire.Redfield,03/11/2022,11:12:10,Kerri.Green,04/11/2022,08:30:39,Aprovado
111,9641,Acid.Pit,2261,200212000000401,ANTENA_ADESIVA_DANIFICADA,Estrela.DaMorte,2.0,Claire.Redfield,03/11/2022,11:12:48,Kerri.Green,04/11/2022,08:30:46,Aprovado
112,9644,Acid.Pit,2261,200499000000605,COMPONENTE_PSA_DANIFICADO,Estrela.DaMorte,1.0,Claire.Redfield,03/11/2022,11:13:20,Kerri.Green,04/11/2022,08:30:52,Aprovado
113,9645,Acid.Pit,2261,2003170099N0299,COMPONENTE_PSA_DANIFICADO,Estrela.DaMorte,2.0,Claire.Redfield,03/11/2022,11:13:58,Kerri.Green,04/11/2022,08:30:57,Aprovado
114,9678,Cheese.Bridge,2298,200209010000002,TOUCHSCREEN_NÃO_ATUA(TP),Akira.Toriyama,8.0,Viuva.negra,03/11/2022,14:16:09,Luke.Skywalker,04/11/2022,09:49:18,Aprovado
115,9679,Cheese.Bridge,2298,200209010000002,GABINETE_ESPANADO,Estrela.DaMorte,3.0,Viuva.negra,03/11/2022,14:17:10,Luke.Skywalker,04/11/2022,09:49:21,Aprovado
116,9680,Cheese.Bridge,2298,200209020000003,GABINETE_ESPANADO,Estrela.DaMorte,2.0,Viuva.negra,03/11/2022,14:17:51,Luke.Skywalker,04/11/2022,09:49:22,Aprovado
117,9681,Cheese.Bridge,2298,200212000000420,COMPONENTE_FORA_DO_PADRÃO,Estrela.DaMorte,2.0,Viuva.negra,03/11/2022,14:18:21,Luke.Skywalker,04/11/2022,09:49:24,Aprovado
118,9692,Front.Door,2285,2002090100I1003,GABINETE_COM_MANCHA,Fornecedor,8.0,Adão.Negro,03/11/2022,15:42:33,Kerri.Green,04/11/2022,08:31:03,Aprovado
119,9693,Front.Door,2285,2002090100I1003,GABINETE_FRONTAL_COM_RISCO,Estrela.DaMorte,2.0,Adão.Negro,03/11/2022,15:43:17,Kerri.Green,04/11/2022,08:31:04,Aprovado
120,9694,Front.Door,2285,2002090100I1003,COMPONENTE_PSA_DANIFICADO,Estrela.DaMorte,6.0,Adão.Negro,03/11/2022,15:44:22,Kerri.Green,04/11/2022,08:31:06,Aprovado
121,9695,Front.Door,2285,2002090100I1003,GABINETE_COM_MANCHA,Estrela.DaMorte,5.0,Adão.Negro,03/11/2022,15:45:22,Kerri.Green,04/11/2022,08:31:09,Aprovado
122,9696,Front.Door,2285,2002090100I1003,GABINETE_ESPANADO,Estrela.DaMorte,4.0,Adão.Negro,03/11/2022,15:46:10,Kerri.Green,04/11/2022,08:31:11,Aprovado
123,9697,Cheese.Bridge,2298,200212000000421,COMPONENTE_FORA_DO_PADRÃO,Estrela.DaMorte,2.0,Viuva.negra,03/11/2022,16:12:11,Luke.Skywalker,04/11/2022,09:49:25,Aprovado
124,9698,Cheese.Bridge,2298,300100080000021,COMPONENTE_FORA_DO_PADRÃO,Estrela.DaMorte,1.0,Viuva.negra,03/11/2022,16:12:40,Luke.Skywalker,04/11/2022,09:49:26,Aprovado
125,9699,Cheese.Bridge,2298,20030500AHN0084,COMPONENTE_FORA_DO_PADRÃO,Fornecedor,2.0,Viuva.negra,03/11/2022,16:13:50,Luke.Skywalker,04/11/2022,09:49:28,Aprovado
126,9700,Cheese.Bridge,2298,200209120000276,COMPONENTE_FORA_DO_PADRÃO,Fornecedor,1.0,Viuva.negra,03/11/2022,16:15:43,Luke.Skywalker,04/11/2022,09:49:29,Aprovado
127,9701,Cheese.Bridge,2298,200405000000313,COMPONENTE_FORA_DO_PADRÃO,Fornecedor,2.0,Viuva.negra,03/11/2022,16:16:12,Luke.Skywalker,04/11/2022,09:49:30,Aprovado
128,9702,Cheese.Bridge,2298,200499000000394,COMPONENTE_FORA_DO_PADRÃO,Fornecedor,2.0,Viuva.negra,03/11/2022,16:16:45,Luke.Skywalker,04/11/2022,09:49:33,Aprovado
129,9703,Cheese.Bridge,2298,300100070000372,COMPONENTE_FORA_DO_PADRÃO,Fornecedor,1.0,Viuva.negra,03/11/2022,16:17:16,Luke.Skywalker,04/11/2022,09:49:34,Aprovado
130,9704,Cheese.Bridge,2298,300100080000021,COMPONENTE_FORA_DO_PADRÃO,Fornecedor,4.0,Viuva.negra,03/11/2022,16:17:50,Luke.Skywalker,04/11/2022,09:49:35,Aprovado
131,9705,Cheese.Bridge,2298,200209050000562,COMPONENTE_FORA_DO_PADRÃO,Fornecedor,1.0,Viuva.negra,03/11/2022,16:18:26,Luke.Skywalker,04/11/2022,09:49:36,Aprovado
132,9706,Cheese.Bridge,2298,300100070000372,COMPONENTE_FORA_DO_PADRÃO,Estrela.DaMorte,4.0,Viuva.negra,03/11/2022,16:18:55,Luke.Skywalker,04/11/2022,09:49:37,Aprovado
133,9707,Cheese.Bridge,2298,200499000000355,COMPONENTE_FORA_DO_PADRÃO,Estrela.DaMorte,1.0,Viuva.negra,03/11/2022,16:19:29,Luke.Skywalker,04/11/2022,09:49:39,Aprovado
134,9708,Cheese.Bridge,2298,200212000000420,COMPONENTE_FORA_DO_PADRÃO,Fornecedor,2.0,Viuva.negra,03/11/2022,16:20:30,Luke.Skywalker,04/11/2022,09:49:41,Aprovado
135,9709,Cheese.Bridge,2298,200212000000421,COMPONENTE_FORA_DO_PADRÃO,Fornecedor,2.0,Viuva.negra,03/11/2022,16:21:04,Luke.Skywalker,04/11/2022,09:49:42,Aprovado
136,9710,Cheese.Bridge,2298,200209100000004,COMPONENTE_FORA_DO_PADRÃO,Estrela.DaMorte,2.0,Viuva.negra,03/11/2022,16:21:59,Luke.Skywalker,04/11/2022,09:49:43,Aprovado
137,9711,Cheese.Bridge,2298,200212000000422,COMPONENTE_FORA_DO_PADRÃO,Estrela.DaMorte,3.0,Viuva.negra,03/11/2022,16:22:38,Luke.Skywalker,04/11/2022,09:49:45,Aprovado
138,9712,Cheese.Bridge,2298,200212000000422,COMPONENTE_FORA_DO_PADRÃO,Fornecedor,2.0,Viuva.negra,03/11/2022,16:23:26,Luke.Skywalker,04/11/2022,09:49:46,Aprovado
139,9713,Cheese.Bridge,2298,300100080000021,COMPONENTE_FORA_DO_PADRÃO,Estrela.DaMorte,2.0,Viuva.negra,03/11/2022,16:24:49,Luke.Skywalker,04/11/2022,09:49:47,Aprovado
140,9714,Cheese.Bridge,2298,501500000000025,FALHA_NA_VOLTAGEM_DA_BATERIA,Fornecedor,2.0,Viuva.negra,03/11/2022,16:25:36,Luke.Skywalker,04/11/2022,09:49:50,Aprovado
141,9715,Cheese.Bridge,2298,200209040000130,COMPONENTE_FORA_DO_PADRÃO,Fornecedor,7.0,Viuva.negra,03/11/2022,16:26:08,Luke.Skywalker,04/11/2022,09:49:51,Aprovado
142,9733,Tubular,2287,2002090199N0003,GABINETE_ESPANADO,Estrela.DaMorte,4.0,Son.Goku,03/11/2022,16:43:43,Kerri.Green,04/11/2022,08:29:24,Aprovado
143,9734,Tubular,2287,2002090299N0003,GABINETE_ESPANADO,Estrela.DaMorte,6.0,Son.Goku,03/11/2022,16:44:31,Kerri.Green,04/11/2022,08:29:26,Aprovado
144,9735,Tubular,2287,200202000000587,IMAGEM_ANORMAL,Fornecedor,4.0,Son.Goku,03/11/2022,16:45:38,Kerri.Green,04/11/2022,08:29:27,Aprovado
145,9736,Tubular,2287,200206010000215,DESLIGANDO_AUTOMATICAMENTE,Fornecedor,1.0,Son.Goku,03/11/2022,16:46:08,Kerri.Green,04/11/2022,08:29:30,Aprovado
146,9740,Tubular,2287,200499000000622,SCRAP,Estrela.DaMorte,3.0,Son.Goku,03/11/2022,16:48:10,Kerri.Green,04/11/2022,08:29:33,Aprovado
147,9741,Tubular,2287,200209120000538,COMPONENTE_PSA_DANIFICADO,Estrela.DaMorte,1.0,Son.Goku,03/11/2022,16:48:43,Kerri.Green,04/11/2022,08:29:36,Aprovado
148,9742,Tubular,2287,20031700AHN0299,COMPONENTE_PSA_DANIFICADO,Fornecedor,5.0,Son.Goku,03/11/2022,16:50:19,Kerri.Green,04/11/2022,08:29:39,Aprovado
149,9743,Tubular,2287,300100160000148,PEDTAMPER,Fornecedor,12.0,Son.Goku,03/11/2022,16:51:10,Kerri.Green,04/11/2022,08:29:42,Aprovado
150,9744,Tubular,2287,300100160000148,COMPONENTE_PSA_DANIFICADO,Estrela.DaMorte,2.0,Son.Goku,03/11/2022,16:51:42,Kerri.Green,04/11/2022,08:29:46,Aprovado
151,9745,Front.Door,2297,200212000000309,COMPONENTE_PSA_DANIFICADO,Estrela.DaMorte,8.0,Adão.Negro,04/11/2022,07:27:31,Kerri.Green,04/11/2022,10:20:07,Aprovado
152,9752,Acid.Pit,2287,200202000000587,COMPONENTE_SMD_ALTERADO,Fornecedor,30.0,Claire.Redfield,04/11/2022,09:19:53,Kerri.Green,04/11/2022,10:34:50,Aprovado
153,9753,Acid.Pit,2287,200212000000401,ANTENA_ADESIVA_DANIFICADA,Estrela.DaMorte,3.0,Claire.Redfield,04/11/2022,09:20:55,Kerri.Green,04/11/2022,10:34:51,Aprovado
154,9754,Acid.Pit,2287,20031200AHN0063,COMPONENTE_FORA_DO_PADRÃO,Fornecedor,1.0,Claire.Redfield,04/11/2022,09:21:32,Kerri.Green,04/11/2022,10:34:57,Aprovado
155,9755,Acid.Pit,2287,2002090199N0003,GABINETE_DANIFICADO,Estrela.DaMorte,1.0,Claire.Redfield,04/11/2022,09:22:36,Kerri.Green,04/11/2022,10:35:00,Aprovado
156,9756,Acid.Pit,2287,2002090299N0003,GABINETE_DANIFICADO,Estrela.DaMorte,1.0,Claire.Redfield,04/11/2022,09:26:14,Kerri.Green,04/11/2022,10:35:04,Aprovado
157,9757,Acid.Pit,2287,200209050000593,TECLA_DANIFICADA,Fornecedor,3.0,Claire.Redfield,04/11/2022,09:29:38,Kerri.Green,04/11/2022,10:35:07,Aprovado
158,9758,Acid.Pit,2287,200206010000215,COMPONENTE_SMD_ALTERADO,Fornecedor,14.0,Claire.Redfield,04/11/2022,09:32:12,Kerri.Green,04/11/2022,10:35:09,Aprovado
159,9759,Acid.Pit,2287,300100160000148,COMPONENTE_SMD_ALTERADO,Fornecedor,19.0,Claire.Redfield,04/11/2022,09:33:35,Kerri.Green,04/11/2022,10:35:13,Aprovado
160,9760,Acid.Pit,2287,200209030000576,VISOR_COM_IMPUREZA,Fornecedor,21.0,Claire.Redfield,04/11/2022,09:34:33,Kerri.Green,04/11/2022,10:35:15,Aprovado
161,9761,Tomb.Pit,2297,2002090100I1003,VISOR_COM_RISCO,Ocarina,,Princesa.Leia,04/11/2022,09:36:19,Kerri.Green,04/11/2022,10:20:12,Aprovado
162,9762,Tomb.Pit,2297,2002090100I1003,VISOR_COM_RISCO,Fornecedor,7.0,Princesa.Leia,04/11/2022,09:36:50,Kerri.Green,04/11/2022,10:20:14,Aprovado
163,9763,Tomb.Pit,2297,2002090100I1003,VISOR_DESLOCADO,Fornecedor,3.0,Princesa.Leia,04/11/2022,09:37:34,Kerri.Green,04/11/2022,10:20:15,Aprovado
164,9764,"Roys,Castle",2296,501400000000038,VISOR_COM_RISCO,Estoque,7.0,Arlequina.Coringa,04/11/2022,09:38:49,Kerri.Green,04/11/2022,10:19:27,Aprovado
165,9766,Tomb.Pit,2297,501400000000028,COMPONENTE_SMD_DANIFICADO,Estrela.DaMorte,12.0,Princesa.Leia,04/11/2022,09:40:18,Kerri.Green,04/11/2022,10:20:19,Aprovado
166,9767,"Roys,Castle",2296,20010117CAD0004,SCRAP,Estrela.DaMorte,2.0,Arlequina.Coringa,04/11/2022,09:40:24,Kerri.Green,04/11/2022,10:19:28,Aprovado
167,9768,Tomb.Pit,2297,501400000000028,COMPONENTE_SMD_ALTERADO,Xi.Jinping,2.0,Princesa.Leia,04/11/2022,09:40:44,Kerri.Green,04/11/2022,10:20:23,Aprovado
168,9769,Tomb.Pit,2297,300100160000133,COMPONENTE_SMD_ALTERADO,Xi.Jinping,3.0,Princesa.Leia,04/11/2022,09:41:13,Kerri.Green,04/11/2022,10:20:26,Aprovado
169,9770,"Roys,Castle",2296,200212000000077,ANTENA_ADESIVA_DANIFICADA,Estrela.DaMorte,4.0,Arlequina.Coringa,04/11/2022,09:41:32,Kerri.Green,04/11/2022,10:19:29,Aprovado
170,9771,Tomb.Pit,2297,501400000000028,COMPONENTE_SMD_DANIFICADO,Segunda.Casa,8.0,Princesa.Leia,04/11/2022,09:41:45,Kerri.Green,04/11/2022,10:20:28,Aprovado
171,9772,Acid.Pit,2287,200209050000532,TECLA_DANIFICADA,Estrela.DaMorte,2.0,Claire.Redfield,04/11/2022,09:42:01,Kerri.Green,04/11/2022,10:35:18,Aprovado
172,9773,Acid.Pit,2287,200209120000476,COMPONENTE_FORA_DO_PADRÃO,Fornecedor,3.0,Claire.Redfield,04/11/2022,09:42:31,Kerri.Green,04/11/2022,10:35:21,Aprovado
173,9774,"Roys,Castle",2296,200405000000158,SCRAP,Fornecedor,1.0,Arlequina.Coringa,04/11/2022,09:45:45,Kerri.Green,04/11/2022,10:19:34,Aprovado
174,9765,Tomb.Pit,2297,200212000000309,COMPONENTE_SMD_ALTERADO,Xi.Jinping,3.0,Princesa.Leia,04/11/2022,09:47:39,Kerri.Green,04/11/2022,10:20:21,Aprovado
175,9775,Tomb.Pit,2297,200212000000309,COMPONENTE_SMD_ALTERADO,Xi.Jinping,3.0,Princesa.Leia,04/11/2022,09:49:22,Kerri.Green,04/11/2022,10:20:31,Aprovado
176,9776,"Roys,Castle",2296,501400000000038,NÃO_LIGA,Fornecedor,2.0,Arlequina.Coringa,04/11/2022,09:51:16,Kerri.Green,04/11/2022,10:19:32,Aprovado
177,9777,"Roys,Castle",2296,501400000000038,LCD_COM_MANCHA,Fornecedor,1.0,Arlequina.Coringa,04/11/2022,09:51:54,Kerri.Green,04/11/2022,10:19:37,Aprovado
178,9778,Tomb.Pit,2297,200202000000187,COMPONENTE_SMD_ALTERADO,Xi.Jinping,3.0,Princesa.Leia,04/11/2022,09:52:11,Kerri.Green,04/11/2022,10:20:34,Aprovado
179,9779,Tomb.Pit,2297,200202000000187,TELABRANCA,Estrela.DaMorte,3.0,Princesa.Leia,04/11/2022,09:52:44,Kerri.Green,04/11/2022,10:20:37,Aprovado
180,9782,"Roys,Castle",2296,301601010000087,SCRAP,Estrela.DaMorte,1.0,Arlequina.Coringa,04/11/2022,09:55:03,Kerri.Green,04/11/2022,10:19:43,Aprovado
181,9785,"Roys,Castle",2296,502500000000015,TECLAS_NÃO_ATUAM,Fornecedor,2.0,Arlequina.Coringa,04/11/2022,10:06:22,Kerri.Green,04/11/2022,10:19:39,Aprovado
182,9786,"Roys,Castle",2296,501400000000038,IMAGEM_ANORMAL,Fornecedor,2.0,Arlequina.Coringa,04/11/2022,10:06:50,Kerri.Green,04/11/2022,10:19:46,Aprovado
183,9787,"Roys,Castle",2296,502100000000005,FALHA_NO_TESTE_IMPRESSÃO(PRN),Fornecedor,3.0,Arlequina.Coringa,04/11/2022,10:08:20,Kerri.Green,04/11/2022,10:19:52,Aprovado
184,9788,"Roys,Castle",2296,2002090100I0853,TOUCHSCREEN_NÃO_ATUA(TP),Fornecedor,3.0,Arlequina.Coringa,04/11/2022,10:09:08,Kerri.Green,04/11/2022,10:19:56,Aprovado
185,9796,"Roys,Castle",2296,20030500AHN0122,SCRAP,Fornecedor,2.0,Arlequina.Coringa,04/11/2022,10:20:24,Kerri.Green,04/11/2022,10:35:49,Aprovado
186,9803,"Roys,Castle",2296,501400000000038,SCRAP,Fornecedor,2.0,Arlequina.Coringa,04/11/2022,10:42:59,Kerri.Green,04/11/2022,15:38:41,Aprovado
187,9804,"Roys,Castle",2296,501400000000038,SCRAP,Estrela.DaMorte,1.0,Arlequina.Coringa,04/11/2022,10:43:53,Kerri.Green,04/11/2022,15:38:48,Aprovado
188,9805,"Roys,Castle",2296,2002090100I0853,GABINETE_ESPANADO,Fornecedor,6.0,Arlequina.Coringa,04/11/2022,10:45:48,Kerri.Green,04/11/2022,15:38:45,Aprovado
189,9806,"Roys,Castle",2296,2002090100I0853,SCRAP,Fornecedor,4.0,Arlequina.Coringa,04/11/2022,10:46:21,Kerri.Green,04/11/2022,15:38:54,Aprovado
190,9807,"Roys,Castle",2296,20010117CAD0004,SCRAP,Estrela.DaMorte,2.0,Arlequina.Coringa,04/11/2022,10:52:25,Kerri.Green,04/11/2022,15:39:01,Aprovado
191,9808,"Roys,Castle",2296,501400000000038,SCRAP,Fornecedor,2.0,Arlequina.Coringa,04/11/2022,10:53:04,Kerri.Green,04/11/2022,15:38:51,Aprovado
192,9824,Tubular,2287,200202000000587,IMAGEM_ANORMAL,Fornecedor,49.0,Son.Goku,04/11/2022,13:21:10,Kerri.Green,04/11/2022,15:39:46,Aprovado
193,9826,Tubular,2287,2002090199N0003,GABINETE_ESPANADO,Fornecedor,1.0,Son.Goku,04/11/2022,13:25:54,Kerri.Green,04/11/2022,15:39:49,Aprovado
194,9827,Tubular,2287,2002090299N0003,GABINETE_ESPANADO,Estrela.DaMorte,8.0,Son.Goku,04/11/2022,13:27:59,Kerri.Green,04/11/2022,15:39:52,Aprovado
195,9828,Tubular,2287,200405000000223,COMPONENTE_PSA_DANIFICADO,Fornecedor,5.0,Son.Goku,04/11/2022,13:29:02,Kerri.Green,04/11/2022,15:39:54,Aprovado
196,9829,Tubular,2287,200206010000215,DESLIGANDO_AUTOMATICAMENTE,Fornecedor,4.0,Son.Goku,04/11/2022,13:30:37,Kerri.Green,04/11/2022,15:40:07,Aprovado
197,9830,Tubular,2287,300100160000148,COMPONENTE_PSA_DANIFICADO,Estrela.DaMorte,2.0,Son.Goku,04/11/2022,13:31:41,Kerri.Green,04/11/2022,15:40:05,Aprovado
198,9832,Tubular,2287,200499000000622,VISOR_COM_MANCHA,Fornecedor,6.0,Son.Goku,04/11/2022,13:35:39,Kerri.Green,04/11/2022,15:40:00,Aprovado
199,9833,Tubular,2287,200209050000532,COMPONENTE_PSA_DANIFICADO,Fornecedor,4.0,Son.Goku,04/11/2022,13:39:07,Kerri.Green,04/11/2022,15:40:02,Aprovado
200,9834,Tubular,2287,2003180099N0756,COMPONENTE_PSA_DANIFICADO,Estrela.DaMorte,10.0,Son.Goku,04/11/2022,13:42:27,Kerri.Green,04/11/2022,15:40:13,Aprovado
201,9836,Tubular,2293,502200000000004,ERRO_LEITURA_CARTÃO_MAG.(MSR),Fornecedor,1.0,Son.Goku,04/11/2022,13:49:28,Kerri.Green,04/11/2022,15:40:10,Aprovado
202,9838,Tubular,2293,200209080000046,SCRAP,Fornecedor,47.0,Son.Goku,04/11/2022,13:53:30,Kerri.Green,04/11/2022,15:40:19,Aprovado
203,9839,"Roys,Castle",2296,2002090100I0853,TOUCHSCREEN_NÃO_ATUA(TP),Fornecedor,6.0,Arlequina.Coringa,04/11/2022,14:14:06,Kerri.Green,04/11/2022,15:38:58,Aprovado
204,9840,"Roys,Castle",2296,501400000000038,IMAGEM_ANORMAL,Fornecedor,5.0,Arlequina.Coringa,04/11/2022,14:15:11,Kerri.Green,04/11/2022,15:39:17,Aprovado
205,9841,"Roys,Castle",2296,300100030000139,TECLAS_NÃO_ATUAM,Fornecedor,3.0,Arlequina.Coringa,04/11/2022,14:16:15,Kerri.Green,04/11/2022,15:39:05,Aprovado
206,9842,"Roys,Castle",2296,502100000000005,FALHA_NO_TESTE_IMPRESSÃO(PRN),Fornecedor,1.0,Arlequina.Coringa,04/11/2022,14:17:06,Kerri.Green,04/11/2022,15:39:09,Aprovado
207,9843,"Roys,Castle",2296,200212000000237,ANTENA_ADESIVA_DANIFICADA,Estrela.DaMorte,2.0,Arlequina.Coringa,04/11/2022,14:19:07,Kerri.Green,04/11/2022,15:39:21,Aprovado
208,9844,"Roys,Castle",2296,2002090200N0055,GABINETE_TRASEIRO_COM_RISCO,Estrela.DaMorte,2.0,Arlequina.Coringa,04/11/2022,14:19:57,Kerri.Green,04/11/2022,15:39:27,Aprovado
209,9845,Front.Door,2297,200202000000187,COMPONENTE_FORA_DO_PADRÃO,Fornecedor,16.0,Adão.Negro,04/11/2022,14:22:15,Kerri.Green,04/11/2022,15:40:36,Aprovado
210,9846,Front.Door,2297,20030500AHN0118,COMPONENTE_FORA_DO_PADRÃO,Fornecedor,2.0,Adão.Negro,04/11/2022,14:29:33,Kerri.Green,04/11/2022,15:40:39,Aprovado
211,9847,Front.Door,2297,502200000000007,COMPONENTE_FORA_DO_PADRÃO,Fornecedor,5.0,Adão.Negro,04/11/2022,14:30:40,Kerri.Green,04/11/2022,15:40:53,Aprovado
212,9848,Front.Door,2297,502200000000007,COMPONENTE_PSA_DANIFICADO,Estrela.DaMorte,3.0,Adão.Negro,04/11/2022,14:31:23,Kerri.Green,04/11/2022,15:40:42,Aprovado
213,9849,Front.Door,2297,502200000000007,COMPONENTE_PSA_DANIFICADO,Estrela.DaMorte,2.0,Adão.Negro,04/11/2022,14:32:16,Kerri.Green,04/11/2022,15:40:45,Aprovado
214,9850,Front.Door,2297,300100160000133,COMPONENTE_FORA_DO_PADRÃO,Fornecedor,2.0,Adão.Negro,04/11/2022,14:32:56,Kerri.Green,04/11/2022,15:40:48,Aprovado
215,9851,Front.Door,2297,200209130000049,COMPONENTE_FORA_DO_PADRÃO,Fornecedor,1.0,Adão.Negro,04/11/2022,14:35:19,Kerri.Green,04/11/2022,15:40:55,Aprovado
216,9852,Front.Door,2297,200202000000227,COMPONENTE_PSA_DANIFICADO,Estrela.DaMorte,2.0,Adão.Negro,04/11/2022,14:35:55,Kerri.Green,04/11/2022,15:40:58,Aprovado
217,9854,Front.Door,2297,200209040000079,COMPONENTE_FORA_DO_PADRÃO,Fornecedor,5.0,Adão.Negro,04/11/2022,14:37:32,Kerri.Green,04/11/2022,15:41:02,Aprovado
218,9855,Front.Door,2297,200202000000227,COMPONENTE_FORA_DO_PADRÃO,Fornecedor,3.0,Adão.Negro,04/11/2022,14:40:02,Kerri.Green,04/11/2022,15:41:11,Aprovado
219,9856,Front.Door,2297,2002090200N0816,COMPONENTE_PSA_DANIFICADO,Estrela.DaMorte,2.0,Adão.Negro,04/11/2022,14:41:01,Kerri.Green,04/11/2022,15:41:08,Aprovado
220,9857,Front.Door,2297,2003180000N0470,COMPONENTE_FORA_DO_PADRÃO,Fornecedor,23.0,Adão.Negro,04/11/2022,14:46:15,Kerri.Green,04/11/2022,15:41:18,Aprovado
221,9858,Front.Door,2297,2003180000N0470,COMPONENTE_PSA_DANIFICADO,Estrela.DaMorte,6.0,Adão.Negro,04/11/2022,14:46:54,Kerri.Green,04/11/2022,15:41:22,Aprovado
222,9859,Front.Door,2297,200209120000126,COMPONENTE_FORA_DO_PADRÃO,Fornecedor,1.0,Adão.Negro,04/11/2022,14:47:49,Kerri.Green,04/11/2022,15:41:25,Aprovado
223,9860,"Roys,Castle",2296,2002090200N0055,GABINETE_FRONTAL_COM_RISCO,Estrela.DaMorte,1.0,Arlequina.Coringa,04/11/2022,14:56:09,Kerri.Green,04/11/2022,15:39:32,Aprovado
224,9869,Tomb.Pit,2297,2002090100I1003,VISOR_COM_RISCO,Fornecedor,10.0,Princesa.Leia,04/11/2022,15:26:13,Kerri.Green,04/11/2022,15:41:36,Aprovado
225,9871,Tomb.Pit,2297,200202000000187,COMPONENTE_SMD_DANIFICADO,Estrela.DaMorte,26.0,Princesa.Leia,04/11/2022,15:30:29,Kerri.Green,04/11/2022,15:41:40,Aprovado
226,9872,Tomb.Pit,2297,200202000000187,COMPONENTE_SMD_DANIFICADO,Fornecedor,5.0,Princesa.Leia,04/11/2022,15:31:05,Kerri.Green,04/11/2022,15:41:33,Aprovado
227,9873,Tomb.Pit,2297,2002090100I1003,COMPONENTE_SMD_DANIFICADO,Estrela.DaMorte,1.0,Princesa.Leia,04/11/2022,15:33:14,Kerri.Green,04/11/2022,15:41:44,Aprovado
228,9874,Tomb.Pit,2297,2002090100I1003,COMPONENTE_SMD_DANIFICADO,Estrela.DaMorte,1.0,Princesa.Leia,04/11/2022,15:33:47,Kerri.Green,04/11/2022,15:41:48,Aprovado
229,9875,Tomb.Pit,2297,200202000000187,COMPONENTE_SMD_ALTERADO,Xi.Jinping,1.0,Princesa.Leia,04/11/2022,15:34:11,Kerri.Green,04/11/2022,15:41:56,Aprovado
230,9876,Tomb.Pit,2297,200202000000187,COMPONENTE_SMD_DANIFICADO,Segunda.Casa,2.0,Princesa.Leia,04/11/2022,15:34:52,Kerri.Green,04/11/2022,15:41:52,Aprovado
231,9877,Tomb.Pit,2297,200202000000227,COMPONENTE_SMD_DANIFICADO,Estrela.DaMorte,4.0,Princesa.Leia,04/11/2022,15:35:24,Kerri.Green,04/11/2022,15:42:00,Aprovado
232,9878,Tomb.Pit,2297,300100160000133,COMPONENTE_SMD_ALTERADO,Xi.Jinping,3.0,Princesa.Leia,04/11/2022,15:35:55,Kerri.Green,04/11/2022,15:42:08,Aprovado
233,9879,Tomb.Pit,2297,502200000000007,COMPONENTE_SMD_ALTERADO,Xi.Jinping,5.0,Princesa.Leia,04/11/2022,15:36:29,Kerri.Green,04/11/2022,15:42:12,Aprovado
234,9880,Tomb.Pit,2297,301001000000009,COMPONENTE_SMD_DANIFICADO,Xi.Jinping,1.0,Princesa.Leia,04/11/2022,15:38:23,Kerri.Green,04/11/2022,15:42:04,Aprovado
235,9882,Tomb.Pit,2297,200209040000079,COMPONENTE_SMD_DANIFICADO,Estrela.DaMorte,4.0,Princesa.Leia,04/11/2022,15:40:13,Kerri.Green,04/11/2022,15:42:23,Aprovado
236,9883,Tomb.Pit,2297,200209040000080,COMPONENTE_SMD_DANIFICADO,Estrela.DaMorte,4.0,Princesa.Leia,04/11/2022,15:40:47,Kerri.Green,04/11/2022,15:42:19,Aprovado
